rgn_id,pressure_score
1,0.215383055436032
2,0.215383055436032
3,0.215383055436032
4,0.215383055436032
5,0.215383055436032
