rgn_id,pressure_score
1,0.223701113649963
2,0.223701113649963
3,0.223701113649963
4,0.223701113649963
5,0.223701113649963
