rgn_id,pressure_score
1,0.243391728810474
2,0.243391728810474
3,0.243391728810474
4,0.243391728810474
5,0.243391728810474
