rgn_id,pressure_score
1,0.149595570852525
2,0.149595570852525
3,0.149595570852525
4,0.149595570852525
5,0.149595570852525
