rgn_id,pressure_score
1,0.305755901452782
2,0.305755901452782
3,0.305755901452782
4,0.305755901452782
5,0.305755901452782
