rgn_id,w_fis
1,0.897868595353973
2,0.897868595353973
3,0.897868595353973
4,0.897868595353973
5,0.897868595353973
