rgn_id,pressure_score
1,0.152997310581941
2,0.152997310581941
3,0.152997310581941
4,0.152997310581941
5,0.152997310581941
