rgn_id,pressure_score
1,0.00206212349124595
2,0.00206212349124595
3,0.00206212349124595
4,0.00206212349124595
5,0.00206212349124595
