rgn_id,pressure_score
1,0.514582479194353
2,0.514582479194353
3,0.514582479194353
4,0.514582479194353
5,0.514582479194353
