rgn_id,score
1,0.915810539452781
2,0.915810539452781
3,0.915810539452781
4,0.915810539452781
5,0.915810539452781
