rgn_id,resilience_score
1,0.83029891649882
2,0.83029891649882
3,0.83029891649882
4,0.83029891649882
5,0.83029891649882
